{"cameraMode":{"drawMode":0,"name":"Shaded","section":"Shading Mode"},"sceneLighting":false,"audioPlay":false,"sceneViewState":{"showFog":true,"showMaterialUpdate":false,"showSkybox":true,"showFlares":true,"showImageEffects":true,"showParticleSystems":true},"in2DMode":false,"pivot":{"x":-13.739067077636719,"y":-26.17971420288086,"z":10.72555160522461},"rotation":{"x":-0.23752829432487489,"y":-0.5439460873603821,"z":0.16401386260986329,"w":-0.787950336933136},"size":156.50180053710938,"orthographic":false}