{"cameraMode":{"drawMode":0,"name":"Shaded","section":"Shading Mode"},"sceneLighting":false,"audioPlay":false,"sceneViewState":{"showFog":true,"showMaterialUpdate":false,"showSkybox":true,"showFlares":true,"showImageEffects":true,"showParticleSystems":true},"in2DMode":false,"pivot":{"x":-32.648094177246097,"y":53.69602966308594,"z":46.426658630371097},"rotation":{"x":-0.060664404183626178,"y":-0.8565557599067688,"z":0.10356353968381882,"w":-0.501966118812561},"size":45.005435943603519,"orthographic":false}